# symbol	source	gcc_bytes	clang_bytes	images	checks	assumes	impact	owner
# Assembly windows at the CPL boundary (issue #477); checked by scripts/check-asm-windows.py.
boot_cpu_rejected	boot/boot.S	50	50	all	check-early-cpu-policy.py	CPUID/MSR availability on the rejection path	An unsupported CPU would not halt fail-stop	early boot
boot_early_catchall_32	boot/boot.S	46	46	all	check-early-idt-policy.sh	IDT delivery in the 32/64-bit bootstrap	An unexpected early exception would not reach the fail-stop terminal	early boot
boot_early_catchall_64	boot/boot.S	47	47	all	check-early-idt-policy.sh	IDT delivery in the 32/64-bit bootstrap	An unexpected early exception would not reach the fail-stop terminal	early boot
boot_early_isr2_32	boot/boot.S	46	46	all	check-early-idt-policy.sh	IDT delivery in the 32/64-bit bootstrap	An unexpected early exception would not reach the fail-stop terminal	early boot
boot_early_isr2_64	boot/boot.S	47	47	all	check-early-idt-policy.sh	IDT delivery in the 32/64-bit bootstrap	An unexpected early exception would not reach the fail-stop terminal	early boot
contained_fault_restore_peer	boot/boot.S	47	47	all	check-runtime-invalidation-policy.sh; run-fault-integrity.sh	CR3 write semantics and the reviewed peer context bank	A peer resumes under the wrong address space or context	fault containment
diagnostic_return_iretq	boot/boot.S	2	2	all	check-image-policy.sh; check-closed-root-return.py	IRETQ semantics and the validated return frame	Return to CPL3 with an unvalidated frame: privilege escalation	privilege return
enable_smep	boot/boot.S	17	17	all	check-image-policy.sh	CR4.SMEP semantics	Kernel could execute user pages	privilege entry
integer_fault_restore_peer	boot/boot.S	43	43	all	check-runtime-invalidation-policy.sh; run-fault-integrity.sh	CR3 write semantics and the reviewed peer context bank	A peer resumes under the wrong address space or context	fault containment
isr0	boot/boot.S	98	101	all	check-entry-policy.sh; check-entry-stack-budget.sh	Interrupt/exception delivery, IST selection and the saved frame layout	A CPL3 entry runs C with user-controlled flags or on the wrong stack	privilege entry
isr13	boot/boot.S	50	50	all	check-entry-policy.sh; check-entry-stack-budget.sh	Interrupt/exception delivery, IST selection and the saved frame layout	A CPL3 entry runs C with user-controlled flags or on the wrong stack	privilege entry
isr14	boot/boot.S	3	3	all	check-entry-policy.sh; check-entry-stack-budget.sh	Interrupt/exception delivery, IST selection and the saved frame layout	A CPL3 entry runs C with user-controlled flags or on the wrong stack	privilege entry
isr14_clac	boot/boot.S	3	3	all	check-entry-policy.sh; check-entry-stack-budget.sh	Interrupt/exception delivery, IST selection and the saved frame layout	A CPL3 entry runs C with user-controlled flags or on the wrong stack	privilege entry
isr2	boot/boot.S	1	1	all	check-entry-policy.sh; check-entry-stack-budget.sh	Interrupt/exception delivery, IST selection and the saved frame layout	A CPL3 entry runs C with user-controlled flags or on the wrong stack	privilege entry
isr2_clac	boot/boot.S	3	3	all	check-entry-policy.sh; check-entry-stack-budget.sh	Interrupt/exception delivery, IST selection and the saved frame layout	A CPL3 entry runs C with user-controlled flags or on the wrong stack	privilege entry
isr2_cld	boot/boot.S	297	298	all	check-entry-policy.sh; check-entry-stack-budget.sh	Interrupt/exception delivery, IST selection and the saved frame layout	A CPL3 entry runs C with user-controlled flags or on the wrong stack	privilege entry
isr32	boot/boot.S	3	3	all	check-entry-policy.sh; check-entry-stack-budget.sh	Interrupt/exception delivery, IST selection and the saved frame layout	A CPL3 entry runs C with user-controlled flags or on the wrong stack	privilege entry
isr32_clac	boot/boot.S	3	3	all	check-entry-policy.sh; check-entry-stack-budget.sh	Interrupt/exception delivery, IST selection and the saved frame layout	A CPL3 entry runs C with user-controlled flags or on the wrong stack	privilege entry
isr32_cld	boot/boot.S	323	326	all	check-entry-policy.sh; check-entry-stack-budget.sh	Interrupt/exception delivery, IST selection and the saved frame layout	A CPL3 entry runs C with user-controlled flags or on the wrong stack	privilege entry
isr3	boot/boot.S	98	101	all	check-entry-policy.sh; check-entry-stack-budget.sh	Interrupt/exception delivery, IST selection and the saved frame layout	A CPL3 entry runs C with user-controlled flags or on the wrong stack	privilege entry
isr6	boot/boot.S	103	103	all	check-entry-policy.sh; check-entry-stack-budget.sh	Interrupt/exception delivery, IST selection and the saved frame layout	A CPL3 entry runs C with user-controlled flags or on the wrong stack	privilege entry
isr7	boot/boot.S	103	103	all	check-entry-policy.sh; check-entry-stack-budget.sh	Interrupt/exception delivery, IST selection and the saved frame layout	A CPL3 entry runs C with user-controlled flags or on the wrong stack	privilege entry
isr80	boot/boot.S	3	3	all	check-entry-policy.sh; check-entry-stack-budget.sh	Interrupt/exception delivery, IST selection and the saved frame layout	A CPL3 entry runs C with user-controlled flags or on the wrong stack	privilege entry
isr80_clac	boot/boot.S	3	3	all	check-entry-policy.sh; check-entry-stack-budget.sh	Interrupt/exception delivery, IST selection and the saved frame layout	A CPL3 entry runs C with user-controlled flags or on the wrong stack	privilege entry
isr80_cld	boot/boot.S	471	471	all	check-entry-policy.sh; check-entry-stack-budget.sh	Interrupt/exception delivery, IST selection and the saved frame layout	A CPL3 entry runs C with user-controlled flags or on the wrong stack	privilege entry
isr8	boot/boot.S	1	1	all	check-entry-policy.sh; check-entry-stack-budget.sh	Interrupt/exception delivery, IST selection and the saved frame layout	A CPL3 entry runs C with user-controlled flags or on the wrong stack	privilege entry
isr8_clac	boot/boot.S	3	3	all	check-entry-policy.sh; check-entry-stack-budget.sh	Interrupt/exception delivery, IST selection and the saved frame layout	A CPL3 entry runs C with user-controlled flags or on the wrong stack	privilege entry
isr8_cld	boot/boot.S	156	156	all	check-entry-policy.sh; check-entry-stack-budget.sh	Interrupt/exception delivery, IST selection and the saved frame layout	A CPL3 entry runs C with user-controlled flags or on the wrong stack	privilege entry
load_tss	boot/boot.S	8	8	all	check-entry-stack-layout.sh	TSS and IST semantics for the guarded entry stacks	Entries run on an unguarded or wrong stack	privilege entry
multiboot_entry	boot/boot.S	43	43	all	check-image-policy.sh; check-early-cpu-policy.py	Multiboot2 handoff register and CPU state from GRUB	Boot continues from an unnormalized CPU state	early boot
normalize_extended_state_cr0	boot/boot.S	25	25	all	check-extended-state-policy.sh	CR0/CR4 semantics for x87/SSE/XSAVE/PKE denial	Extended state or PKRU becomes reachable from CPL3 unchecked	privilege entry
normalize_extended_state_cr4	boot/boot.S	22	22	all	check-extended-state-policy.sh	CR0/CR4 semantics for x87/SSE/XSAVE/PKE denial	Extended state or PKRU becomes reachable from CPL3 unchecked	privilege entry
normalize_fast_entry_cstar_write	boot/boot.S	7	7	all	check-entry-policy.sh (fast-entry write inventory)	MSR semantics of EFER/STAR/LSTAR/CSTAR/SFMASK/SYSENTER	SYSCALL/SYSENTER could enter the kernel through an unreviewed target	privilege entry
normalize_fast_entry_efer_write	boot/boot.S	11	11	all	check-entry-policy.sh (fast-entry write inventory)	MSR semantics of EFER/STAR/LSTAR/CSTAR/SFMASK/SYSENTER	SYSCALL/SYSENTER could enter the kernel through an unreviewed target	privilege entry
normalize_fast_entry_lstar_write	boot/boot.S	7	7	all	check-entry-policy.sh (fast-entry write inventory)	MSR semantics of EFER/STAR/LSTAR/CSTAR/SFMASK/SYSENTER	SYSCALL/SYSENTER could enter the kernel through an unreviewed target	privilege entry
normalize_fast_entry_sfmask_write	boot/boot.S	7	7	all	check-entry-policy.sh (fast-entry write inventory)	MSR semantics of EFER/STAR/LSTAR/CSTAR/SFMASK/SYSENTER	SYSCALL/SYSENTER could enter the kernel through an unreviewed target	privilege entry
normalize_fast_entry_star_write	boot/boot.S	7	7	all	check-entry-policy.sh (fast-entry write inventory)	MSR semantics of EFER/STAR/LSTAR/CSTAR/SFMASK/SYSENTER	SYSCALL/SYSENTER could enter the kernel through an unreviewed target	privilege entry
normalize_fast_entry_sysenter_cs_write	boot/boot.S	7	7	all	check-entry-policy.sh (fast-entry write inventory)	MSR semantics of EFER/STAR/LSTAR/CSTAR/SFMASK/SYSENTER	SYSCALL/SYSENTER could enter the kernel through an unreviewed target	privilege entry
normalize_fast_entry_sysenter_eip_write	boot/boot.S	2	2	all	check-entry-policy.sh (fast-entry write inventory)	MSR semantics of EFER/STAR/LSTAR/CSTAR/SFMASK/SYSENTER	SYSCALL/SYSENTER could enter the kernel through an unreviewed target	privilege entry
normalize_fast_entry_sysenter_esp_write	boot/boot.S	7	7	all	check-entry-policy.sh (fast-entry write inventory)	MSR semantics of EFER/STAR/LSTAR/CSTAR/SFMASK/SYSENTER	SYSCALL/SYSENTER could enter the kernel through an unreviewed target	privilege entry
run_double_fault_probe	boot/boot.S	22	22	all	check-image-policy.sh; run-double-fault.sh	Double-fault delivery onto the IST stack	Diagnostic probe only; a wrong probe hides a stack-guard regression	fault containment
smap_copy_from	boot/boot.S	2	2	all	check-image-policy.sh (SMAP copy window)	EFLAGS.AC semantics under CR4.SMAP	Kernel user-memory access outside the bounded copy window	user copy
smap_copy_from_clac	boot/boot.S	5	5	all	check-image-policy.sh (SMAP copy window)	EFLAGS.AC semantics under CR4.SMAP	Kernel user-memory access outside the bounded copy window	user copy
smap_copy_from_stac	boot/boot.S	8	8	all	check-image-policy.sh (SMAP copy window)	EFLAGS.AC semantics under CR4.SMAP	Kernel user-memory access outside the bounded copy window	user copy
smap_copy_to	boot/boot.S	2	2	all	check-image-policy.sh (SMAP copy window)	EFLAGS.AC semantics under CR4.SMAP	Kernel user-memory access outside the bounded copy window	user copy
smap_copy_to_clac	boot/boot.S	5	5	all	check-image-policy.sh (SMAP copy window)	EFLAGS.AC semantics under CR4.SMAP	Kernel user-memory access outside the bounded copy window	user copy
smap_copy_to_stac	boot/boot.S	8	8	all	check-image-policy.sh (SMAP copy window)	EFLAGS.AC semantics under CR4.SMAP	Kernel user-memory access outside the bounded copy window	user copy
smap_force_clac	boot/boot.S	4	4	all	check-image-policy.sh (SMAP copy window)	EFLAGS.AC semantics under CR4.SMAP	Kernel user-memory access outside the bounded copy window	user copy
smap_omit_cleanup_probe	boot/boot.S	4	4	all	check-image-policy.sh (SMAP copy window)	EFLAGS.AC semantics under CR4.SMAP	Kernel user-memory access outside the bounded copy window	user copy
smap_omit_cleanup_probe_stac	boot/boot.S	4	4	all	check-image-policy.sh (SMAP copy window)	EFLAGS.AC semantics under CR4.SMAP	Kernel user-memory access outside the bounded copy window	user copy
user_return_iretq	boot/boot.S	2	2	all	check-image-policy.sh; check-closed-root-return.py	IRETQ semantics and the validated return frame	Return to CPL3 with an unvalidated frame: privilege escalation	privilege return
qotom_entry_start	experiments/copy-roots/entry.S	60	-	lab-only	audit-qotom-entry-integration.py	INT 0x80 delivery, closed-root reload and the saved bank layout on the J1900	A Qotom lab CPL3 entry reaches C on the wrong root or bank	qotom lab
qotom_entry_isr80	experiments/copy-roots/entry.S	103	-	lab-only	audit-qotom-entry-integration.py	INT 0x80 delivery, closed-root reload and the saved bank layout on the J1900	A Qotom lab CPL3 entry reaches C on the wrong root or bank	qotom lab
qotom_entry_isr6	experiments/copy-roots/entry.S	52	-	lab-only	audit-qotom-entry-integration.py	INT 0x80 delivery, closed-root reload and the saved bank layout on the J1900	A Qotom lab CPL3 entry reaches C on the wrong root or bank	qotom lab
qotom_entry_isr14	experiments/copy-roots/entry.S	40	-	lab-only	audit-qotom-entry-integration.py	INT 0x80 delivery, closed-root reload and the saved bank layout on the J1900	A Qotom lab CPL3 entry reaches C on the wrong root or bank	qotom lab
qotom_entry_isr13	experiments/copy-roots/entry.S	46	-	lab-only	audit-qotom-entry-integration.py	INT 0x80 delivery, closed-root reload and the saved bank layout on the J1900	A Qotom lab CPL3 entry reaches C on the wrong root or bank	qotom lab
qotom_entry_emit_and_halt	experiments/copy-roots/entry.S	70	-	lab-only	audit-qotom-entry-integration.py	INT 0x80 delivery, closed-root reload and the saved bank layout on the J1900	A Qotom lab CPL3 entry reaches C on the wrong root or bank	qotom lab
leanos_closed_root_return	experiments/copy-roots/return.S	92	-	lab-only	check-closed-root-return.py	IRETQ and CR3 semantics on the closed-root return path	A Qotom lab return lands in CPL3 with an unvalidated frame or root	qotom lab
leanos_closed_root_return_terminal	experiments/copy-roots/return.S	4	-	lab-only	check-closed-root-return.py	IRETQ and CR3 semantics on the closed-root return path	A Qotom lab return lands in CPL3 with an unvalidated frame or root	qotom lab
leanos_copy_root_reload	experiments/copy-roots/reload.S	60	-	lab-only	check-copy-root-reload.py	CR3 reload semantics for the copy roots	A Qotom lab copy runs under the wrong root	qotom lab
leanos_copy_root_terminal	experiments/copy-roots/reload.S	4	-	lab-only	check-copy-root-reload.py	CR3 reload semantics for the copy roots	A Qotom lab copy runs under the wrong root	qotom lab
