# symbol	offset	opcode	operands	owner
isr2_cld	0xcc	in	(%dx),%al	DirectPortIO.serial
isr2_cld	0xd7	out	%al,(%dx)	DirectPortIO.serial
isr2_cld	0xf1	in	(%dx),%al	DirectPortIO.serial
isr2_cld	0xfc	out	%al,(%dx)	DirectPortIO.serial
isr2_cld	0x124	in	(%dx),%al	DirectPortIO.serial
isr2_cld	0x12f	out	%al,(%dx)	DirectPortIO.serial
isr2_cld	0x13d	out	%al,(%dx)	DirectPortIO.debug-exit
isr2_cld	0x151	in	(%dx),%al	DirectPortIO.serial
isr2_cld	0x15c	out	%al,(%dx)	DirectPortIO.serial
isr2_cld	0x16a	out	%al,(%dx)	DirectPortIO.debug-exit
isr13	0x15	in	(%dx),%al	DirectPortIO.serial
isr13	0x20	out	%al,(%dx)	DirectPortIO.serial
isr13	0x2e	out	%al,(%dx)	DirectPortIO.debug-exit
isr8_cld	0x52	in	(%dx),%al	DirectPortIO.serial
isr8_cld	0x5d	out	%al,(%dx)	DirectPortIO.serial
isr8_cld	0x6b	out	%al,(%dx)	DirectPortIO.debug-exit
isr8_cld	0x7f	in	(%dx),%al	DirectPortIO.serial
isr8_cld	0x8a	out	%al,(%dx)	DirectPortIO.serial
isr8_cld	0x98	out	%al,(%dx)	DirectPortIO.debug-exit
out8	0x4	out	%al,(%dx)	DirectPortIO.byte-wrapper
in8	0x2	in	(%dx),%al	DirectPortIO.byte-wrapper
out16	0x4	out	%ax,(%dx)	DMAQuarantine.pci-config
out32	0x4	out	%eax,(%dx)	DMAQuarantine.pci-config
in32	0x2	in	(%dx),%eax	DMAQuarantine.pci-config
boot_early_isr2_32	0x10	in	(%dx),%al	DirectPortIO.serial
boot_early_isr2_32	0x1b	out	%al,(%dx)	DirectPortIO.serial
boot_early_isr2_32	0x2a	out	%al,(%dx)	DirectPortIO.debug-exit
boot_early_catchall_32	0x10	in	(%dx),%al	DirectPortIO.serial
boot_early_catchall_32	0x1b	out	%al,(%dx)	DirectPortIO.serial
boot_early_catchall_32	0x2a	out	%al,(%dx)	DirectPortIO.debug-exit
boot_early_isr2_64	0x12	in	(%dx),%al	DirectPortIO.serial
boot_early_isr2_64	0x1d	out	%al,(%dx)	DirectPortIO.serial
boot_early_isr2_64	0x2b	out	%al,(%dx)	DirectPortIO.debug-exit
boot_early_catchall_64	0x12	in	(%dx),%al	DirectPortIO.serial
boot_early_catchall_64	0x1d	out	%al,(%dx)	DirectPortIO.serial
boot_early_catchall_64	0x2b	out	%al,(%dx)	DirectPortIO.debug-exit
