# path	function (reviewed contributor that a supported optimizer may inline or eliminate)
syscall	check_fast_entry_control
syscall	check_selected_root_a
syscall	check_selected_root_b
syscall	l_LeanOS_CapabilityReuse_scenarioTransition___redArg
syscall	q35_manifest_entry
syscall	serial_u64
timer-switch	check_fast_entry_control
timer-switch	check_selected_root_a
timer-switch	check_selected_root_b
timer-switch	q35_manifest_entry
user-page-fault	decoded_root_matches
user-page-fault	l_LeanOS_FaultDispatch_faultDispatchDemo
user-page-fault	l_LeanOS_InterruptEntry_canonicalPageFaultWordsValid
user-page-fault	serial_u64
kernel-diagnostic	decoded_root_matches
kernel-diagnostic	l_LeanOS_FaultDispatch_faultDispatchDemo
kernel-diagnostic	l_LeanOS_InterruptEntry_canonicalPageFaultWordsValid
kernel-diagnostic	serial_u64
timer-switch	leanos_preemption_demo
syscall	check_selected_root_c
syscall	three_subject_require_root
syscall	three_subject_switch
syscall	three_subject_syscall
timer-switch	check_selected_root_c
timer-switch	three_subject_switch
syscall	three_subject_require_root.part.0
syscall	frame_server_call
syscall	frame_server_client_table
syscall	frame_server_decide
syscall	frame_server_grant
syscall	frame_server_page
syscall	frame_server_require_caller
syscall	frame_server_revoke
syscall	frame_server_switch
syscall	frame_server_syscall
syscall	frame_server_usage
syscall	frame_server_view
syscall	leanos_frame_server_check
syscall	l_LeanOS_FrameServer_frameServerCheck
timer-switch	frame_server_switch
timer-switch	serial_u64
