# reason: initial baseline: normalized median of CI runs 36717553018, 36741706280, 37682266019, 37689177163
module	seconds
LeanOS.FailStop	137.8
LeanOS.CompositeDispatcher	121.8
LeanOS.CapabilityTransfer	103.9
LeanOS.BootPageTablePlan	78.4
LeanOS.FaultDispatch	74.3
LeanOS.BootMemoryMapStreamPipeline	62.9
LeanOS.IOMMU	59.4
LeanOS.ResumablePreemption	55.4
LeanOS.BlockingIPC	44.4
LeanOS.QotomMadtStream	41.9
LeanOS.Interrupt	38.4
LeanOS.InterruptEntry	37.0
LeanOS.DeviceProgramConfinement	32.9
LeanOS.SecurityClaims	21.0
LeanOS.Oracle	17.9
LeanOS.PCIHeaderObservation	17.0
LeanOS.BlockingIPCContext	15.5
LeanOS.BoundedLifecycle	14.0
LeanOS.BootMemoryMapFullProjectionABI	13.5
LeanOS.Capability	13.0
LeanOS.TLB	12.1
LeanOS.IOTLB	11.6
LeanOS.PrivilegeEntryControl	11.0
LeanOS.VirtualMapping	11.0
LeanOS.BootMemoryMapDecoder	10.8
LeanOS.QotomMadtStreamRun	10.1
LeanOS.BootTopology	9.6
LeanOS.EndpointIPC	8.3
LeanOS.BootMemoryMapStreamAuthority	7.2
LeanOS.Scheduler	7.2
LeanOS.SerialProtocol	6.4
LeanOS.BootMemoryMap	5.6
LeanOS.Observation	5.1
LeanOS.ScheduledObservation	4.8
LeanOS.VTdBootPlan	4.6
LeanOS.BootMemoryMapScalarRichEquivalence	4.6
LeanOS.DMAQuarantine	4.6
LeanOS.MemoryLifecycle	4.4
LeanOS.QotomBspTopology	4.2
LeanOS.PrivilegeEntryStack	4.0
LeanOS.Wifi.NPhyRxCal	3.9
LeanOS.BoundaryVocabulary	3.9
LeanOS.CapabilityHandle	3.6
LeanOS.PlatformAdmission	3.6
LeanOS.FrameBudget	3.6
LeanOS.Wifi.Bytecode	3.3
LeanOS.BootInterruptPhase	3.3
LeanOS.UserCopyAliases	2.9
LeanOS.X86PageTable	2.8
LeanOS.FrameBudgetScenario	2.8
LeanOS.DirectPortIO	2.7
LeanOS.UserCopy	2.5
LeanOS.StaleTranslation	2.5
LeanOS.SubjectLifecycle	2.5
LeanOS.BootMemoryMapDecoderABI	2.4
LeanOS.Wifi.NPhyTxCal	2.4
LeanOS.Syscall	2.4
LeanOS.QotomPCIInventory	2.3
LeanOS.NegativeFixtures.PageFaultAgreement	2.3
LeanOS.DeviceCapability	2.3
LeanOS.QotomPCIQuarantineObservation	2.2
LeanOS.BootMemoryMapStreaming	2.2
LeanOS.ExtendedState	2.1
LeanOS.BootReservation	2.1
LeanOS.Wifi.DevCrypto	2.0
LeanOS.IPCSyscall	2.0
LeanOS.FrameScrub	1.8
LeanOS.Wifi.NPhyRssiCal	1.7
LeanOS.Wifi.Sim	1.7
LeanOS.ResumableContext	1.6
LeanOS.QotomNativePCIFields	1.6
LeanOS.Wifi.Tx	1.5
LeanOS.Wifi.Radio2056	1.5
LeanOS.J1900CpuProfile	1.4
LeanOS.CapabilityReuse	1.4
LeanOS.UserCopyWindow	1.4
LeanOS.QotomNativePCISnapshot	1.3
LeanOS.Wifi.DevDhcp	1.3
LeanOS.Preemption	1.3
LeanOS.Usb.Xhci	1.2
LeanOS.Wifi.DevCcmp	1.2
LeanOS.Wifi.NPhyInit	1.2
LeanOS.KernelRootPublication	1.2
LeanOS.KernelTransition	1.2
LeanOS.QotomNativePCIInventory	1.1
LeanOS.BootTextConsole	1.1
LeanOS.Usb.Keyboard	1.1
LeanOS.InvalidationPublication	1.0
LeanOS.Wifi.Ieee80211	1.0
LeanOS.Wifi.Mlme	1.0
LeanOS.BootHandoffUefiReplay	1.0
LeanOS.Net.Rtl8168	1.0
LeanOS.Wifi.NPhyWorkarounds	1.0
LeanOS.UserCopyPrefix	1.0
LeanOS.KernelRootReturn	0.9
LeanOS.UserCopyOperands	0.9
LeanOS.Wifi.Handshake	0.9
LeanOS.KernelUserRoot	0.9
LeanOS.QotomBlockingIPCIntegration	0.9
LeanOS.QotomCopyRootPublication	0.9
LeanOS.Wifi.Eapol	0.9
LeanOS.Wifi.Responder	0.9
LeanOS.UserCopyTransaction	0.9
LeanOS.QotomNoSmapControl	0.9
LeanOS.BoundaryABIGenerator	0.8
LeanOS.Wifi.Bcm43224	0.8
LeanOS.QotomEntryIntegration	0.8
LeanOS.CompositeFootprint	0.8
LeanOS.J1900MsrReadback	0.8
LeanOS.QotomPCIFinalAdmission	0.8
LeanOS.FrameAllocator	0.8
LeanOS.QotomBootstrapABI	0.8
LeanOS.LifetimeIssuer	0.7
LeanOS.Wifi.Dhcp	0.7
LeanOS.Example	0.7
LeanOS.Storage.Ahci	0.7
LeanOS.Wifi.Connect	0.7
LeanOS.NegativeFixtures.DeviceProgramConfinement	0.7
LeanOS.J1900CpuControlPolicy	0.7
LeanOS.Wifi.Driver	0.6
LeanOS.Wifi.Aes	0.6
LeanOS.QotomPCIQuarantineTransition	0.6
LeanOS.Wifi.Mac	0.6
LeanOS.Wifi.Bytes	0.6
LeanOS.Wifi.NPhy	0.5
LeanOS.DirectPortContainment	0.5
LeanOS.NegativeFixtures.BootMemory	0.5
LeanOS.Wifi.NPhyTables	0.5
LeanOS.NegativeFixtures.PageFaultProvenance	0.5
LeanOS.BootAllocation	0.4
LeanOS.NegativeFixtures.SecurityClaims	0.4
LeanOS.UserFaultContainmentVocabulary	0.4
LeanOS.NegativeFixtures.IOMMUConfinement	0.4
LeanOS.Wifi.Sha1	0.4
LeanOS.Wifi.NPhyTablesData	0.4
LeanOS.DMAQuarantineCorpus	0.4
LeanOS.J1900EntryControl	0.4
LeanOS.NegativeFixtures.VTdBootPlan	0.4
LeanOS.NegativeFixtures.BootTopology	0.4
LeanOS.Wifi.Pbkdf2	0.4
LeanOS.NegativeFixtures.NMIManifest	0.4
LeanOS.NegativeFixtures.UserFaultClass	0.3
LeanOS.NegativeFixtures.NMIFrame	0.3
LeanOS.NegativeFixtures.BootPhase	0.3
LeanOS.NegativeFixtures.BootPlans	0.3
LeanOS.NegativeFixtures.DirectPort	0.3
LeanOS.NegativeFixtures.SharedContainment	0.3
LeanOS.NegativeFixtures.FrameBudget	0.3
LeanOS.NegativeFixtures.PageFaultError	0.3
LeanOS.NegativeFixtures.NMIHalt	0.3
LeanOS.NegativeFixtures.StaleTranslation	0.3
LeanOS.NegativeFixtures.DMAQuarantine	0.3
LeanOS.NegativeFixtures	0.3
LeanOS.UserCopyBinding	0.3
LeanOS.NegativeFixtures.Example	0.3
LeanOS	0.3
LeanOS.NegativeFixtures.WrappingIssuerReuse	0.3
